Workbook

Sheet Builds
A1: Busca rápida | B1: Welder | C1: =IFERROR(HYPERLINK("#'Builds'!"&ADDRESS(3,MATCH(B1,3:3,0),4),"Ir para personagem"),"Selecione um personagem") -> Ir para personagem | D1: Selecione ou digite em B1 e clique no link.
A2: Altere a árvore/set na linha 4; as linhas abaixo e a observação serão atualizadas automaticamente.
A3: Info. | B3: Agents | C3: Andrea | D3: Austin | E3: Berserker | F3: Builder | G3: Builder Abby | H3: Cap | I3: Carlos | J3: Carol | K3: Cashier | L3: Chopper | M3: Demolitionist | N3: Dr. Kane | O3: Dr. Miller | P3: Dr. Norman | Q3: Farmer | R3: Firefighter | S3: Flamethrower | T3: Glenn | U3: Grenadier | V3: Guard | W3: Gunslinger | X3: Haruko | Y3: Hero | Z3: Jailer | AA3: Juggernaut | AB3: Lester | AC3: Light Soldier | AD3: Lionheart | AE3: Maria | AF3: Mechanic | AG3: Medic | AH3: Paramedic Nancy | AI3: Pepper | AJ3: Policeman Diaz | AK3: Private Rodriguez | AL3: Queen | AM3: Ranger | AN3: Red Hood | AO3: Redneck | AP3: Rogue | AQ3: Sarah | AR3: Saw | AS3: Sheriff Charlotte | AT3: Sniper Polina | AU3: Soldier | AV3: Sonya | AW3: SpecOps | AX3: Swat | AY3: Turbo | AZ3: Welder | BA3: Willy
A4: Árvore / set selecionado | B4: Hunter | C4: Hunter | D4: Tactical | E4: Fitness | F4: Gentleman | G4: Military | H4: Hunter | I4: Hunter | J4: Gentleman | K4: Gentleman | L4: Big Boy | M4: Chef | N4: Hunter | O4: Hunter | P4: Ice Breaker | Q4: Military | R4: SwissMade | S4: Military | T4: Gentleman | U4: Gentleman | V4: Gentleman | W4: Hunter | X4: Gambling | Y4: Hunter | Z4: Gentleman | AA4: Big Boy | AB4: Military | AC4: Gentleman | AD4: Gentleman | AE4: Hunter | AF4: Gentleman | AG4: Builder | AH4: Builder | AI4: Hunter | AJ4: Military | AK4: Fitness | AL4: Gentleman | AM4: Military | AN4: Gentleman | AO4: Boss | AP4: Gentleman | AQ4: Hunter | AR4: Gentleman | AS4: Hunter | AT4: Hunter | AU4: Big Boy | AV4: Hunter | AW4: Hunter | AX4: Hunter | AY4: Gentleman | AZ4: Chef | BA4: Military
A5: Principal — Cup | B5: =IFERROR(INDEX(Opções!$D$9:$L$164,MATCH(B$3,Opções!$B$9:$B$164,0)+MATCH(B$4,Opções!B$2:B$4,0)-1,ROW()-4),"") -> HP | C5: =IFERROR(INDEX(Opções!$D$9:$L$164,MATCH(C$3,Opções!$B$9:$B$164,0)+MATCH(C$4,Opções!C$2:C$4,0)-1,ROW()-4),"") -> HP | D5: =IFERROR(INDEX(Opções!$D$9:$L$164,MATCH(D$3,Opções!$B$9:$B$164,0)+MATCH(D$4,Opções!D$2:D$4,0)-1,ROW()-4),"") -> HP | E5: =IFERROR(INDEX(Opções!$D$9:$L$164,MATCH(E$3,Opções!$B$9:$B$164,0)+MATCH(E$4,Opções!E$2:E$4,0)-1,ROW()-4),"") -> HP | F5: =IFERROR(INDEX(Opções!$D$9:$L$164,MATCH(F$3,Opções!$B$9:$B$164,0)+MATCH(F$4,Opções!F$2:F$4,0)-1,ROW()-4),"") -> HP | G5: =IFERROR(INDEX(Opções!$D$9:$L$164,MATCH(G$3,Opções!$B$9:$B$164,0)+MATCH(G$4,Opções!G$2:G$4,0)-1,ROW()-4),"") -> HP | H5: =IFERROR(INDEX(Opções!$D$9:$L$164,MATCH(H$3,Opções!$B$9:$B$164,0)+MATCH(H$4,Opções!H$2:H$4,0)-1,ROW()-4),"") -> HP | I5: =IFERROR(INDEX(Opções!$D$9:$L$164,MATCH(I$3,Opções!$B$9:$B$164,0)+MATCH(I$4,Opções!I$2:I$4,0)-1,ROW()-4),"") -> HP | ... BA5: =IFERROR(INDEX(Opções!$D$9:$L$164,MATCH(BA$3,Opções!$B$9:$B$164,0)+MATCH(BA$4,Opções!BA$2:BA$4,0)-1,ROW()-4),"") -> HP
A6: Secundário — Cup | B6: =IFERROR(INDEX(Opções!$D$9:$L$164,MATCH(B$3,Opções!$B$9:$B$164,0)+MATCH(B$4,Opções!B$2:B$4,0)-1,ROW()-4),"") -> Custo ↓ > Preparação ↓ > Dano à distância > Agilidade | C6: =IFERROR(INDEX(Opções!$D$9:$L$164,MATCH(C$3,Opções!$B$9:$B$164,0)+MATCH(C$4,Opções!C$2:C$4,0)-1,ROW()-4),"") -> Custo ↓ > Preparação ↓ > Dano à distância > Agilidade | D6: =IFERROR(INDEX(Opções!$D$9:$L$164,MATCH(D$3,Opções!$B$9:$B$164,0)+MATCH(D$4,Opções!D$2:D$4,0)-1,ROW()-4),"") -> Custo ↓ > Preparação ↓ > Dano à distância > Alcance > Agilidade | E6: =IFERROR(INDEX(Opções!$D$9:$L$164,MATCH(E$3,Opções!$B$9:$B$164,0)+MATCH(E$4,Opções!E$2:E$4,0)-1,ROW()-4),"") -> Custo ↓ > Preparação ↓ > Dano corpo a corpo > Agilidade | F6: =IFERROR(INDEX(Opções!$D$9:$L$164,MATCH(F$3,Opções!$B$9:$B$164,0)+MATCH(F$4,Opções!F$2:F$4,0)-1,ROW()-4),"") -> Custo ↓ > Preparação ↓ > Dano corpo a corpo > Agilidade | G6: =IFERROR(INDEX(Opções!$D$9:$L$164,MATCH(G$3,Opções!$B$9:$B$164,0)+MATCH(G$4,Opções!G$2:G$4,0)-1,ROW()-4),"") -> Custo ↓ > Preparação ↓ > Dano à distância > Agilidade | H6: =IFERROR(INDEX(Opções!$D$9:$L$164,MATCH(H$3,Opções!$B$9:$B$164,0)+MATCH(H$4,Opções!H$2:H$4,0)-1,ROW()-4),"") -> Custo ↓ > Preparação ↓ > HP % > Dano à distância > Agilidade | I6: =IFERROR(INDEX(Opções!$D$9:$L$164,MATCH(I$3,Opções!$B$9:$B$164,0)+MATCH(I$4,Opções!I$2:I$4,0)-1,ROW()-4),"") -> Custo ↓ > Preparação ↓ > Dano à distância > Agilidade | ... BA6: =IFERROR(INDEX(Opções!$D$9:$L$164,MATCH(BA$3,Opções!$B$9:$B$164,0)+MATCH(BA$4,Opções!BA$2:BA$4,0)-1,ROW()-4),"") -> Custo ↓ > Preparação ↓ > Dano à distância > Agilidade
A7: Principal — Knife | B7: =IFERROR(INDEX(Opções!$D$9:$L$164,MATCH(B$3,Opções!$B$9:$B$164,0)+MATCH(B$4,Opções!B$2:B$4,0)-1,ROW()-4),"") -> Dano à distância | C7: =IFERROR(INDEX(Opções!$D$9:$L$164,MATCH(C$3,Opções!$B$9:$B$164,0)+MATCH(C$4,Opções!C$2:C$4,0)-1,ROW()-4),"") -> Dano à distância | D7: =IFERROR(INDEX(Opções!$D$9:$L$164,MATCH(D$3,Opções!$B$9:$B$164,0)+MATCH(D$4,Opções!D$2:D$4,0)-1,ROW()-4),"") -> Dano à distância | E7: =IFERROR(INDEX(Opções!$D$9:$L$164,MATCH(E$3,Opções!$B$9:$B$164,0)+MATCH(E$4,Opções!E$2:E$4,0)-1,ROW()-4),"") -> Dano corpo a corpo | F7: =IFERROR(INDEX(Opções!$D$9:$L$164,MATCH(F$3,Opções!$B$9:$B$164,0)+MATCH(F$4,Opções!F$2:F$4,0)-1,ROW()-4),"") -> Dano corpo a corpo | G7: =IFERROR(INDEX(Opções!$D$9:$L$164,MATCH(G$3,Opções!$B$9:$B$164,0)+MATCH(G$4,Opções!G$2:G$4,0)-1,ROW()-4),"") -> Dano à distância | H7: =IFERROR(INDEX(Opções!$D$9:$L$164,MATCH(H$3,Opções!$B$9:$B$164,0)+MATCH(H$4,Opções!H$2:H$4,0)-1,ROW()-4),"") -> Dano à distância | I7: =IFERROR(INDEX(Opções!$D$9:$L$164,MATCH(I$3,Opções!$B$9:$B$164,0)+MATCH(I$4,Opções!I$2:I$4,0)-1,ROW()-4),"") -> Dano à distância | ... BA7: =IFERROR(INDEX(Opções!$D$9:$L$164,MATCH(BA$3,Opções!$B$9:$B$164,0)+MATCH(BA$4,Opções!BA$2:BA$4,0)-1,ROW()-4),"") -> Dano à distância
A8: Secundário — Knife | B8: =IFERROR(INDEX(Opções!$D$9:$L$164,MATCH(B$3,Opções!$B$9:$B$164,0)+MATCH(B$4,Opções!B$2:B$4,0)-1,ROW()-4),"") -> Custo ↓ > Preparação ↓ > Alcance > Agilidade > HP | C8: =IFERROR(INDEX(Opções!$D$9:$L$164,MATCH(C$3,Opções!$B$9:$B$164,0)+MATCH(C$4,Opções!C$2:C$4,0)-1,ROW()-4),"") -> Custo ↓ > Preparação ↓ > Alcance > Dano crítico > Agilidade | D8: =IFERROR(INDEX(Opções!$D$9:$L$164,MATCH(D$3,Opções!$B$9:$B$164,0)+MATCH(D$4,Opções!D$2:D$4,0)-1,ROW()-4),"") -> Custo ↓ > Preparação ↓ > Dano à distância > Alcance > Agilidade > HP | E8: =IFERROR(INDEX(Opções!$D$9:$L$164,MATCH(E$3,Opções!$B$9:$B$164,0)+MATCH(E$4,Opções!E$2:E$4,0)-1,ROW()-4),"") -> Custo ↓ > Preparação ↓ > Dano corpo a corpo > Agilidade > HP | F8: =IFERROR(INDEX(Opções!$D$9:$L$164,MATCH(F$3,Opções!$B$9:$B$164,0)+MATCH(F$4,Opções!F$2:F$4,0)-1,ROW()-4),"") -> Custo ↓ > Preparação ↓ > Chance crítica > HP > Agilidade | G8: =IFERROR(INDEX(Opções!$D$9:$L$164,MATCH(G$3,Opções!$B$9:$B$164,0)+MATCH(G$4,Opções!G$2:G$4,0)-1,ROW()-4),"") -> Custo ↓ > Preparação ↓ > Alcance > Agilidade > HP | H8: =IFERROR(INDEX(Opções!$D$9:$L$164,MATCH(H$3,Opções!$B$9:$B$164,0)+MATCH(H$4,Opções!H$2:H$4,0)-1,ROW()-4),"") -> Custo ↓ > Preparação ↓ > HP % > Dano à distância > Agilidade | I8: =IFERROR(INDEX(Opções!$D$9:$L$164,MATCH(I$3,Opções!$B$9:$B$164,0)+MATCH(I$4,Opções!I$2:I$4,0)-1,ROW()-4),"") -> Custo ↓ > Preparação ↓ > Alcance > Agilidade > HP | ... BA8: =IFERROR(INDEX(Opções!$D$9:$L$164,MATCH(BA$3,Opções!$B$9:$B$164,0)+MATCH(BA$4,Opções!BA$2:BA$4,0)-1,ROW()-4),"") -> Custo ↓ > Preparação ↓ > Alcance > Agilidade > HP
A9: Principal — Watch | B9: =IFERROR(INDEX(Opções!$D$9:$L$164,MATCH(B$3,Opções!$B$9:$B$164,0)+MATCH(B$4,Opções!B$2:B$4,0)-1,ROW()-4),"") -> Tempo de preparação | C9: =IFERROR(INDEX(Opções!$D$9:$L$164,MATCH(C$3,Opções!$B$9:$B$164,0)+MATCH(C$4,Opções!C$2:C$4,0)-1,ROW()-4),"") -> Tempo de preparação | D9: =IFERROR(INDEX(Opções!$D$9:$L$164,MATCH(D$3,Opções!$B$9:$B$164,0)+MATCH(D$4,Opções!D$2:D$4,0)-1,ROW()-4),"") -> Tempo de preparação | E9: =IFERROR(INDEX(Opções!$D$9:$L$164,MATCH(E$3,Opções!$B$9:$B$164,0)+MATCH(E$4,Opções!E$2:E$4,0)-1,ROW()-4),"") -> Tempo de preparação | F9: =IFERROR(INDEX(Opções!$D$9:$L$164,MATCH(F$3,Opções!$B$9:$B$164,0)+MATCH(F$4,Opções!F$2:F$4,0)-1,ROW()-4),"") -> Tempo de preparação | G9: =IFERROR(INDEX(Opções!$D$9:$L$164,MATCH(G$3,Opções!$B$9:$B$164,0)+MATCH(G$4,Opções!G$2:G$4,0)-1,ROW()-4),"") -> Tempo de preparação | H9: =IFERROR(INDEX(Opções!$D$9:$L$164,MATCH(H$3,Opções!$B$9:$B$164,0)+MATCH(H$4,Opções!H$2:H$4,0)-1,ROW()-4),"") -> Tempo de preparação | I9: =IFERROR(INDEX(Opções!$D$9:$L$164,MATCH(I$3,Opções!$B$9:$B$164,0)+MATCH(I$4,Opções!I$2:I$4,0)-1,ROW()-4),"") -> Tempo de preparação | ... BA9: =IFERROR(INDEX(Opções!$D$9:$L$164,MATCH(BA$3,Opções!$B$9:$B$164,0)+MATCH(BA$4,Opções!BA$2:BA$4,0)-1,ROW()-4),"") -> Tempo de preparação
A10: Secundário — Watch | B10: =IFERROR(INDEX(Opções!$D$9:$L$164,MATCH(B$3,Opções!$B$9:$B$164,0)+MATCH(B$4,Opções!B$2:B$4,0)-1,ROW()-4),"") -> Custo ↓ > Dano à distância > Alcance > Agilidade > HP | C10: =IFERROR(INDEX(Opções!$D$9:$L$164,MATCH(C$3,Opções!$B$9:$B$164,0)+MATCH(C$4,Opções!C$2:C$4,0)-1,ROW()-4),"") -> Custo ↓ > Dano à distância > Alcance > Dano crítico > HP | D10: =IFERROR(INDEX(Opções!$D$9:$L$164,MATCH(D$3,Opções!$B$9:$B$164,0)+MATCH(D$4,Opções!D$2:D$4,0)-1,ROW()-4),"") -> Custo ↓ > Dano à distância > Alcance > Agilidade > HP | E10: =IFERROR(INDEX(Opções!$D$9:$L$164,MATCH(E$3,Opções!$B$9:$B$164,0)+MATCH(E$4,Opções!E$2:E$4,0)-1,ROW()-4),"") -> Custo ↓ > Dano corpo a corpo > Agilidade > HP | F10: =IFERROR(INDEX(Opções!$D$9:$L$164,MATCH(F$3,Opções!$B$9:$B$164,0)+MATCH(F$4,Opções!F$2:F$4,0)-1,ROW()-4),"") -> Custo ↓ > Dano corpo a corpo > Chance crítica > HP > Agilidade | G10: =IFERROR(INDEX(Opções!$D$9:$L$164,MATCH(G$3,Opções!$B$9:$B$164,0)+MATCH(G$4,Opções!G$2:G$4,0)-1,ROW()-4),"") -> Custo ↓ > Dano à distância > Alcance > Agilidade > HP | H10: =IFERROR(INDEX(Opções!$D$9:$L$164,MATCH(H$3,Opções!$B$9:$B$164,0)+MATCH(H$4,Opções!H$2:H$4,0)-1,ROW()-4),"") -> Custo ↓ > HP % > Dano à distância > Agilidade | I10: =IFERROR(INDEX(Opções!$D$9:$L$164,MATCH(I$3,Opções!$B$9:$B$164,0)+MATCH(I$4,Opções!I$2:I$4,0)-1,ROW()-4),"") -> Custo ↓ > Dano à distância > Alcance > Agilidade > HP | ... BA10: =IFERROR(INDEX(Opções!$D$9:$L$164,MATCH(BA$3,Opções!$B$9:$B$164,0)+MATCH(BA$4,Opções!BA$2:BA$4,0)-1,ROW()-4),"") -> Custo ↓ > Dano à distância > Alcance > Agilidade > HP
A11: Principal — Book | B11: =IFERROR(INDEX(Opções!$D$9:$L$164,MATCH(B$3,Opções!$B$9:$B$164,0)+MATCH(B$4,Opções!B$2:B$4,0)-1,ROW()-4),"") -> HP % | C11: =IFERROR(INDEX(Opções!$D$9:$L$164,MATCH(C$3,Opções!$B$9:$B$164,0)+MATCH(C$4,Opções!C$2:C$4,0)-1,ROW()-4),"") -> HP % | D11: =IFERROR(INDEX(Opções!$D$9:$L$164,MATCH(D$3,Opções!$B$9:$B$164,0)+MATCH(D$4,Opções!D$2:D$4,0)-1,ROW()-4),"") -> Dano à distância % | E11: =IFERROR(INDEX(Opções!$D$9:$L$164,MATCH(E$3,Opções!$B$9:$B$164,0)+MATCH(E$4,Opções!E$2:E$4,0)-1,ROW()-4),"") -> Dano corpo a corpo % | F11: =IFERROR(INDEX(Opções!$D$9:$L$164,MATCH(F$3,Opções!$B$9:$B$164,0)+MATCH(F$4,Opções!F$2:F$4,0)-1,ROW()-4),"") -> Chance crítica % | G11: =IFERROR(INDEX(Opções!$D$9:$L$164,MATCH(G$3,Opções!$B$9:$B$164,0)+MATCH(G$4,Opções!G$2:G$4,0)-1,ROW()-4),"") -> HP % | H11: =IFERROR(INDEX(Opções!$D$9:$L$164,MATCH(H$3,Opções!$B$9:$B$164,0)+MATCH(H$4,Opções!H$2:H$4,0)-1,ROW()-4),"") -> HP % | I11: =IFERROR(INDEX(Opções!$D$9:$L$164,MATCH(I$3,Opções!$B$9:$B$164,0)+MATCH(I$4,Opções!I$2:I$4,0)-1,ROW()-4),"") -> HP % | ... BA11: =IFERROR(INDEX(Opções!$D$9:$L$164,MATCH(BA$3,Opções!$B$9:$B$164,0)+MATCH(BA$4,Opções!BA$2:BA$4,0)-1,ROW()-4),"") -> HP %
A12: Secundário — Book | B12: =IFERROR(INDEX(Opções!$D$9:$L$164,MATCH(B$3,Opções!$B$9:$B$164,0)+MATCH(B$4,Opções!B$2:B$4,0)-1,ROW()-4),"") -> Custo ↓ > Preparação ↓ > Dano à distância > Alcance > Agilidade | C12: =IFERROR(INDEX(Opções!$D$9:$L$164,MATCH(C$3,Opções!$B$9:$B$164,0)+MATCH(C$4,Opções!C$2:C$4,0)-1,ROW()-4),"") -> Custo ↓ > Preparação ↓ > Alcance > Dano crítico > Agilidade | D12: =IFERROR(INDEX(Opções!$D$9:$L$164,MATCH(D$3,Opções!$B$9:$B$164,0)+MATCH(D$4,Opções!D$2:D$4,0)-1,ROW()-4),"") -> Custo ↓ > Preparação ↓ > Dano à distância > Alcance > Agilidade | E12: =IFERROR(INDEX(Opções!$D$9:$L$164,MATCH(E$3,Opções!$B$9:$B$164,0)+MATCH(E$4,Opções!E$2:E$4,0)-1,ROW()-4),"") -> Custo ↓ > Preparação ↓ > Dano corpo a corpo > Agilidade | F12: =IFERROR(INDEX(Opções!$D$9:$L$164,MATCH(F$3,Opções!$B$9:$B$164,0)+MATCH(F$4,Opções!F$2:F$4,0)-1,ROW()-4),"") -> Custo ↓ > Preparação ↓ > Dano corpo a corpo > Dano crítico > Agilidade | G12: =IFERROR(INDEX(Opções!$D$9:$L$164,MATCH(G$3,Opções!$B$9:$B$164,0)+MATCH(G$4,Opções!G$2:G$4,0)-1,ROW()-4),"") -> Custo ↓ > Preparação ↓ > Dano à distância > Alcance > Agilidade | H12: =IFERROR(INDEX(Opções!$D$9:$L$164,MATCH(H$3,Opções!$B$9:$B$164,0)+MATCH(H$4,Opções!H$2:H$4,0)-1,ROW()-4),"") -> Custo ↓ > Preparação ↓ > HP plano > Dano à distância > Agilidade | I12: =IFERROR(INDEX(Opções!$D$9:$L$164,MATCH(I$3,Opções!$B$9:$B$164,0)+MATCH(I$4,Opções!I$2:I$4,0)-1,ROW()-4),"") -> Custo ↓ > Preparação ↓ > Dano à distância > Alcance > Agilidade | ... BA12: =IFERROR(INDEX(Opções!$D$9:$L$164,MATCH(BA$3,Opções!$B$9:$B$164,0)+MATCH(BA$4,Opções!BA$2:BA$4,0)-1,ROW()-4),"") -> Custo ↓ > Preparação ↓ > Dano à distância > Alcance > Agilidade
A13: Observações | B13: =IFERROR(INDEX(Opções!$D$9:$L$164,MATCH(B$3,Opções!$B$9:$B$164,0)+MATCH(B$4,Opções!B$2:B$4,0)-1,ROW()-4),"") -> Hunter em Agents: o bônus cresce com a distância percorrida pelo ataque. Priorize alcance, dano e posicionamento seguro. | C13: =IFERROR(INDEX(Opções!$D$9:$L$164,MATCH(C$3,Opções!$B$9:$B$164,0)+MATCH(C$4,Opções!C$2:C$4,0)-1,ROW()-4),"") -> Hunter em Andrea: o bônus cresce com a distância percorrida pelo ataque. Priorize alcance, dano e posicionamento seguro. | D13: =IFERROR(INDEX(Opções!$D$9:$L$164,MATCH(D$3,Opções!$B$9:$B$164,0)+MATCH(D$4,Opções!D$2:D$4,0)-1,ROW()-4),"") -> Tactical em Austin: ignora parte da resistência a balas. Use esta árvore contra inimigos blindados ou resistentes. | E13: =IFERROR(INDEX(Opções!$D$9:$L$164,MATCH(E$3,Opções!$B$9:$B$164,0)+MATCH(E$4,Opções!E$2:E$4,0)-1,ROW()-4),"") -> Fitness em Berserker: remove pausas entre ataques. Priorize dano principal, preparação e agilidade para manter pressão constante. | F13: =IFERROR(INDEX(Opções!$D$9:$L$164,MATCH(F$3,Opções!$B$9:$B$164,0)+MATCH(F$4,Opções!F$2:F$4,0)-1,ROW()-4),"") -> Gentleman em Builder: o dano aumenta após um crítico. Priorize chance crítica e dano crítico para sustentar o bônus. | G13: =IFERROR(INDEX(Opções!$D$9:$L$164,MATCH(G$3,Opções!$B$9:$B$164,0)+MATCH(G$4,Opções!G$2:G$4,0)-1,ROW()-4),"") -> Military em Builder Abby: a chance de ataque extra aumenta o volume de dano. Priorize dano, preparação e boa cadência. | H13: =IFERROR(INDEX(Opções!$D$9:$L$164,MATCH(H$3,Opções!$B$9:$B$164,0)+MATCH(H$4,Opções!H$2:H$4,0)-1,ROW()-4),"") -> Hunter em Cap: o bônus cresce com a distância percorrida pelo ataque. Priorize alcance, dano e posicionamento seguro. | I13: =IFERROR(INDEX(Opções!$D$9:$L$164,MATCH(I$3,Opções!$B$9:$B$164,0)+MATCH(I$4,Opções!I$2:I$4,0)-1,ROW()-4),"") -> Hunter em Carlos: o bônus cresce com a distância percorrida pelo ataque. Priorize alcance, dano e posicionamento seguro. | ... BA13: =IFERROR(INDEX(Opções!$D$9:$L$164,MATCH(BA$3,Opções!$B$9:$B$164,0)+MATCH(BA$4,Opções!BA$2:BA$4,0)-1,ROW()-4),"") -> Military em Willy: a chance de ataque extra aumenta o volume de dano. Priorize dano, preparação e boa cadência.

Sheet Fontes
A1: Personagem / fonte | B1: URL | C1: Uso na recomendação
A2: Agents | B2: https://deadahead.wiki.gg/wiki/Agents | C2: Página da unidade: função, alcance, atributos e seção Item Sets quando disponível.
A3: Andrea | B3: https://deadahead.wiki.gg/wiki/Andrea | C3: Página da unidade: função, alcance, atributos e seção Item Sets quando disponível.
A4: Austin | B4: https://deadahead.wiki.gg/wiki/Austin | C4: Página da unidade: função, alcance, atributos e seção Item Sets quando disponível.
A5: Berserker | B5: https://deadahead.wiki.gg/wiki/Berserker | C5: Página da unidade: função, alcance, atributos e seção Item Sets quando disponível.
A6: Builder | B6: https://deadahead.wiki.gg/wiki/Builder | C6: Página da unidade: função, alcance, atributos e seção Item Sets quando disponível.
A7: Builder Abby | B7: https://deadahead.wiki.gg/wiki/Builder_Abby | C7: Página da unidade: função, alcance, atributos e seção Item Sets quando disponível.
A8: Cap | B8: https://deadahead.wiki.gg/wiki/Cap | C8: Página da unidade: função, alcance, atributos e seção Item Sets quando disponível.
A9: Carlos | B9: https://deadahead.wiki.gg/wiki/Carlos | C9: Página da unidade: função, alcance, atributos e seção Item Sets quando disponível.
A10: Carol | B10: https://deadahead.wiki.gg/wiki/Carol | C10: Página da unidade: função, alcance, atributos e seção Item Sets quando disponível.
A11: Cashier | B11: https://deadahead.wiki.gg/wiki/Cashier | C11: Página da unidade: função, alcance, atributos e seção Item Sets quando disponível.
A12: Chopper | B12: https://deadahead.wiki.gg/wiki/Chopper | C12: Página da unidade: função, alcance, atributos e seção Item Sets quando disponível.
... A57: Atualização 4.4.3 | B57: https://deadahead.zone/news/news-post-9 | C57: Inclusão de Demolitionist e Haruko; recomendações iniciais.

Sheet Opções
A1: Árvores recomendadas por personagem | B1: Agents | C1: Andrea | D1: Austin | E1: Berserker | F1: Builder | G1: Builder Abby | H1: Cap | I1: Carlos | J1: Carol | K1: Cashier | L1: Chopper | M1: Demolitionist | N1: Dr. Kane | O1: Dr. Miller | P1: Dr. Norman | Q1: Farmer | R1: Firefighter | S1: Flamethrower | T1: Glenn | U1: Grenadier | V1: Guard | W1: Gunslinger | X1: Haruko | Y1: Hero | Z1: Jailer | AA1: Juggernaut | AB1: Lester | AC1: Light Soldier | AD1: Lionheart | AE1: Maria | AF1: Mechanic | AG1: Medic | AH1: Paramedic Nancy | AI1: Pepper | AJ1: Policeman Diaz | AK1: Private Rodriguez | AL1: Queen | AM1: Ranger | AN1: Red Hood | AO1: Redneck | AP1: Rogue | AQ1: Sarah | AR1: Saw | AS1: Sheriff Charlotte | AT1: Sniper Polina | AU1: Soldier | AV1: Sonya | AW1: SpecOps | AX1: Swat | AY1: Turbo | AZ1: Welder | BA1: Willy
A2: Principal | B2: Hunter | C2: Hunter | D2: Military | E2: Gentleman | F2: Gentleman | G2: Military | H2: Hunter | I2: Hunter | J2: Gentleman | K2: Gentleman | L2: Big Boy | M2: Chef | N2: Hunter | O2: Hunter | P2: Ice Breaker | Q2: Military | R2: SwissMade | S2: Military | T2: Gentleman | U2: Gentleman | V2: Gentleman | W2: Hunter | X2: Gambling | Y2: Hunter | Z2: Gentleman | AA2: Big Boy | AB2: Military | AC2: Gentleman | AD2: Gentleman | AE2: Hunter | AF2: Gentleman | AG2: Builder | AH2: Builder | AI2: Hunter | AJ2: Military | AK2: Fitness | AL2: Gentleman | AM2: Military | AN2: Gentleman | AO2: Boss | AP2: Gentleman | AQ2: Hunter | AR2: Gentleman | AS2: Hunter | AT2: Hunter | AU2: Big Boy | AV2: Hunter | AW2: Hunter | AX2: Hunter | AY2: Gentleman | AZ2: Chef | BA2: Military
A3: Alternativa 1 | B3: Gentleman | C3: Tactical | D3: Hunter | E3: Gambling | F3: Gambling | G3: Hunter | H3: Chef | I3: Military | J3: Gambling | K3: Gambling | L3: Pincushion | M3: Hunter | N3: Chef | O3: Tactical | P3: Military | Q3: Hunter | R3: Gentleman | S3: Gentleman | T3: Lucky Guy | U3: Fitness | V3: Surgery | W3: Military | X3: Gentleman | Y3: Gentleman | Z3: Fitness | AA3: Surgery | AB3: Hunter | AC3: Surgery | AD3: Firefighter | AE3: Chef | AF3: Gambling | AG3: Lucky Guy | AH3: Lucky Guy | AI3: Chef | AJ3: Surgery | AK3: Boss | AL3: Gambling | AM3: Tactical | AN3: Gambling | AO3: Fitness | AP3: Gambling | AQ3: Tactical | AR3: Gambling | AS3: Tactical | AT3: Tactical | AU3: Gambling | AV3: Military | AW3: Military | AX3: Tactical | AY3: Gambling | AZ3: Builder | BA3: Ice Breaker
A4: Alternativa 2 | B4: Chef | C4: Military | D4: Tactical | E4: Fitness | F4: Surgery | G4: Tactical | H4: Tactical | I4: Tactical | J4: Lucky Guy | K4: Lucky Guy | L4: Surgery | M4: Tactical | N4: Tactical | O4: Military | P4: Tactical | Q4: Tactical | R4: Surgery | S4: Firefighter | T4: Fitness | U4: Surgery | V4: Gambling | W4: Tactical | X4: Fitness | Y4: Tactical | Z4: Ice Breaker | AA4: Pincushion | AB4: Tactical | AC4: Gambling | AD4: Surgery | AE4: Military | AF4: Boss | AG4: Chef | AH4: Chef | AI4: Military | AJ4: Tactical | AK4: Gentleman | AL4: Surgery | AM4: Hunter | AN4: Surgery | AO4: Lucky Guy | AP4: Fitness | AQ4: Gentleman | AR4: Fitness | AS4: Military | AT4: Gentleman | AU4: Surgery | AV4: Tactical | AW4: Tactical | AX4: Military | AY4: Lucky Guy | AZ4: Lucky Guy | BA4: Tactical
A6: Base das opções
A7: As listas acima alimentam os seletores da aba Builds. A tabela abaixo contém as informações exibidas para cada combinação de personagem e árvore.
A8: Chave | B8: Personagem | C8: Árvore / set | D8: Principal — Cup | E8: Secundário — Cup | F8: Principal — Knife | G8: Secundário — Knife | H8: Principal — Watch | I8: Secundário — Watch | J8: Principal — Book | K8: Secundário — Book | L8: Observação | M8: Critério
A9: Agents|Hunter | B9: Agents | C9: Hunter | D9: HP | E9: Custo ↓ > Preparação ↓ > Dano à distância > Agilidade | F9: Dano à distância | G9: Custo ↓ > Preparação ↓ > Alcance > Agilidade > HP | H9: Tempo de preparação | I9: Custo ↓ > Dano à distância > Alcance > Agilidade > HP | J9: HP % | K9: Custo ↓ > Preparação ↓ > Dano à distância > Alcance > Agilidade | L9: Hunter em Agents: o bônus cresce com a distância percorrida pelo ataque. Priorize alcance, dano e posicionamento seguro. | M9: Recomendação principal do rev01; observação ajustada ao set selecionado.
A10: Agents|Gentleman | B10: Agents | C10: Gentleman | D10: HP | E10: Custo ↓ > Preparação ↓ > Chance crítica > Dano crítico > Dano à distância | F10: Dano à distância | G10: Chance crítica > Dano crítico > Custo ↓ > Preparação ↓ > HP | H10: Tempo de preparação | I10: Dano crítico > Custo ↓ > Dano à distância > Chance crítica > HP | J10: Chance crítica % | K10: Custo ↓ > Preparação ↓ > Dano à distância > Dano crítico > Agilidade | L10: Gentleman em Agents: o dano aumenta após um crítico. Priorize chance crítica e dano crítico para sustentar o bônus. | M10: Alternativa recomendada conforme função, alcance e mecânica da unidade.
A11: Agents|Chef | B11: Agents | C11: Chef | D11: HP | E11: Custo ↓ > Preparação ↓ > HP % > Dano à distância > Agilidade | F11: Dano à distância | G11: Custo ↓ > Preparação ↓ > HP % > Dano à distância > Agilidade | H11: Tempo de preparação | I11: Custo ↓ > HP % > Dano à distância > Agilidade | J11: HP % | K11: Custo ↓ > Preparação ↓ > HP plano > Dano à distância > Agilidade | L11: Chef em Agents: fortalece os aliados enquanto a unidade permanece viva. Priorize custo, preparação e sobrevivência. | M11: Alternativa recomendada conforme função, alcance e mecânica da unidade.
A12: Andrea|Hunter | B12: Andrea | C12: Hunter | D12: HP | E12: Custo ↓ > Preparação ↓ > Dano à distância > Agilidade | F12: Dano à distância | G12: Custo ↓ > Preparação ↓ > Alcance > Dano crítico > Agilidade | H12: Tempo de preparação | I12: Custo ↓ > Dano à distância > Alcance > Dano crítico > HP | J12: HP % | K12: Custo ↓ > Preparação ↓ > Alcance > Dano crítico > Agilidade | L12: Hunter em Andrea: o bônus cresce com a distância percorrida pelo ataque. Priorize alcance, dano e posicionamento seguro. | M12: Recomendação principal do rev01; observação ajustada ao set selecionado.
A13: Andrea|Tactical | B13: Andrea | C13: Tactical | D13: HP | E13: Custo ↓ > Preparação ↓ > Dano à distância > Alcance > Agilidade | F13: Dano à distância | G13: Alcance > Custo ↓ > Preparação ↓ > Dano crítico > Agilidade | H13: Tempo de preparação | I13: Alcance > Dano à distância > Custo ↓ > Dano crítico > HP | J13: Dano à distância % | K13: Alcance > Custo ↓ > Preparação ↓ > Dano crítico > Agilidade | L13: Tactical em Andrea: ignora parte da resistência a balas. Use esta árvore contra inimigos blindados ou resistentes. | M13: Alternativa recomendada conforme função, alcance e mecânica da unidade.
A14: Andrea|Military | B14: Andrea | C14: Military | D14: HP | E14: Custo ↓ > Preparação ↓ > Dano à distância > Alcance > Agilidade | F14: Dano à distância | G14: Alcance > Custo ↓ > Preparação ↓ > Dano crítico > Agilidade | H14: Tempo de preparação | I14: Alcance > Dano à distância > Custo ↓ > Dano crítico > HP | J14: Dano à distância % | K14: Alcance > Custo ↓ > Preparação ↓ > Dano crítico > Agilidade | L14: Military em Andrea: a chance de ataque extra aumenta o volume de dano. Priorize dano, preparação e boa cadência. | M14: Alternativa recomendada conforme função, alcance e mecânica da unidade.
A15: Austin|Military | B15: Austin | C15: Military | D15: HP | E15: Custo ↓ > Preparação ↓ > Dano à distância > HP > Agilidade | F15: Dano à distância | G15: Custo ↓ > Preparação ↓ > Dano à distância > HP > Agilidade | H15: Tempo de preparação | I15: Custo ↓ > Dano à distância > HP > Agilidade | J15: HP % | K15: Custo ↓ > Preparação ↓ > Dano à distância > HP > Agilidade | L15: Military em Austin: a chance de ataque extra aumenta o volume de dano. Priorize dano, preparação e boa cadência. | M15: Recomendação principal do rev01; observação ajustada ao set selecionado.
A16: Austin|Hunter | B16: Austin | C16: Hunter | D16: HP | E16: Custo ↓ > Preparação ↓ > Dano à distância > Alcance > Agilidade | F16: Dano à distância | G16: Custo ↓ > Preparação ↓ > Dano à distância > Alcance > Agilidade > HP | H16: Tempo de preparação | I16: Custo ↓ > Dano à distância > Alcance > Agilidade > HP | J16: Dano à distância % | K16: Custo ↓ > Preparação ↓ > Dano à distância > Alcance > Agilidade | L16: Hunter em Austin: o bônus cresce com a distância percorrida pelo ataque. Priorize alcance, dano e posicionamento seguro. | M16: Alternativa recomendada conforme função, alcance e mecânica da unidade.
A17: Austin|Tactical | B17: Austin | C17: Tactical | D17: HP | E17: Custo ↓ > Preparação ↓ > Dano à distância > Alcance > Agilidade | F17: Dano à distância | G17: Custo ↓ > Preparação ↓ > Dano à distância > Alcance > Agilidade > HP | H17: Tempo de preparação | I17: Custo ↓ > Dano à distância > Alcance > Agilidade > HP | J17: Dano à distância % | K17: Custo ↓ > Preparação ↓ > Dano à distância > Alcance > Agilidade | L17: Tactical em Austin: ignora parte da resistência a balas. Use esta árvore contra inimigos blindados ou resistentes. | M17: Alternativa recomendada conforme função, alcance e mecânica da unidade.
A18: Berserker|Gentleman | B18: Berserker | C18: Gentleman | D18: HP | E18: Custo ↓ > Preparação ↓ > Dano corpo a corpo > Agilidade | F18: Dano corpo a corpo | G18: Custo ↓ > Preparação ↓ > Chance crítica > HP > Agilidade | H18: Tempo de preparação | I18: Custo ↓ > Dano corpo a corpo > Chance crítica > HP > Agilidade | J18: Chance crítica % | K18: Custo ↓ > Preparação ↓ > Dano corpo a corpo > Dano crítico > Agilidade | L18: Gentleman em Berserker: o dano aumenta após um crítico. Priorize chance crítica e dano crítico para sustentar o bônus. | M18: Recomendação principal do rev01; observação ajustada ao set selecionado.
A19: Berserker|Gambling | B19: Berserker | C19: Gambling | D19: HP | E19: Custo ↓ > Preparação ↓ > Chance crítica > Dano crítico > Dano corpo a corpo | F19: Dano corpo a corpo | G19: Chance crítica > Dano crítico > Custo ↓ > Preparação ↓ > HP | H19: Tempo de preparação | I19: Dano crítico > Custo ↓ > Dano corpo a corpo > Chance crítica > HP | J19: Chance crítica % | K19: Custo ↓ > Preparação ↓ > Dano corpo a corpo > Dano crítico > Agilidade | L19: Gambling em Berserker: a chance crítica cresce quando a vida está baixa. É uma construção de risco focada em críticos. | M19: Alternativa recomendada conforme função, alcance e mecânica da unidade.
... A164: Willy|Tactical | B164: Willy | C164: Tactical | D164: HP | E164: Custo ↓ > Preparação ↓ > Dano à distância > Alcance > Agilidade | F164: Dano à distância | G164: Custo ↓ > Preparação ↓ > Dano à distância > Alcance > Agilidade > HP | H164: Tempo de preparação | I164: Custo ↓ > Dano à distância > Alcance > Agilidade > HP | J164: Dano à distância % | K164: Custo ↓ > Preparação ↓ > Dano à distância > Alcance > Agilidade | L164: Tactical em Willy: ignora parte da resistência a balas. Use esta árvore contra inimigos blindados ou resistentes. | M164: Alternativa recomendada conforme função, alcance e mecânica da unidade.
